year,subject,concept,perspective,slug,content_status,animation_status,protected,validated_with_child,last_reviewed,content_sha,animation_sha
1,computing,algorithms-instructions,,algorithms-instructions,done,done,no,,,4dcd87c9ec0af62a2c9038660d39a992f6cd3de919d93309371b0b3b5aa81f3a,1c717048922e40b4d2eded30740a18cf3b9715ab30f57082b62e6f68d76cd1f9
1,computing,creating-digital-content-y1,,creating-digital-content-y1,done,done,no,,,773c7a4383db2b5e197c6cf4cb680f6d77ca8fc899e4c4376ad44d467604160e,dc2feb90d3d25fd33b7943cbbbfa7a78c3171a27acca07842293b88564f75bf0
1,english,phonics-phase3,,phonics-phase3,done,done,no,,,0a457e81425c81bda92b05bc17e0aaaecffd4dfb3181dd9a3f1afd920adcfa84,6df21de8e2a940687689c209bbbb2152d6133ca501d2de7a6c38cec4a68a1322
1,english,phonics-phase4,,phonics-phase4,done,done,no,,,c7a2455cecede00d415e452dcbbb024f28de2a5f44cf131cd276fd63a1f1c47a,4aed4841e16a959c853d69dd4ce9bc09132ea55455ac4d8be6df0c16fbc70c6b
1,english,rhyme-poetry,,rhyme-poetry,done,done,no,,,de967ae3d872bd4aebb9298d5c2d02b9fa0e3caedd1be1ce0119362924168e51,4705be6a27ae63cdffef227d135bc4012f2d52c090b194e0b59a3d589f983d4b
1,english,sentence-writing,,sentence-writing,done,done,no,,,cb1b89e55afa8e4562dc91a6b950e4857e8f1dfe18194ec583f8ffbe004f2921,24397ced712231c954304fb599b85f9cc0bb3db3af88f8a04408d8a70acb97af
1,english,storytelling,,storytelling,done,done,no,,,68468fa699019664d9ba2485f49984b55fe0c312071984cbdfd82e1679d90849,7396e269ec90390e3944561c777d630791e2424dc323b18b43aad680e646f827
1,geography,hot-cold-places,,hot-cold-places,done,done,no,,,376e44bda251cf15c4b590c34b57d852216dc167383ab5ac83e3ba258c46d4b4,56ee89b0bfa8ed5e59c4485684ce9d145d7fa2e0fe8c22c4c9df059f9507a046
1,geography,local-area,,local-area,done,done,no,,,0282f8dfd7f0e0afa7d4e3bdb69edd128027933c38056fef986b8d0521afd2a9,0444e91219552ae9a1c303b848e1d6511b68286250438cb34e36c100a8c8e656
1,history,changes-living-memory,,changes-living-memory,done,done,no,,,0d37b65255fdc407d91ebb67545d4e8f0d9a670068c7e705d5cc3ab32631d731,5ecca16ac1f02e8937421e12644d7cd6dcd94dbf0e27e4f602c72b3fc8f4a5d7
1,history,significant-historical-events-y1,,significant-historical-events-y1,done,done,no,,,b5c5e5251d5f11d750cb1a2f188a65c4f4dd876cfd821d3203620109e3e2af03,19719a7e95d7f39f5e36deb2fd34ddfc374bb4498718e8367b5443c523e66fbb
1,maths,addition-subtraction,,addition-subtraction,done,done,no,,,a1ef2c66c503c7e49bfe6c82ffe6145e7e5c2a89d43e3cea6b2ef745ed65826e,276496e1d37b3eb232ccbbda2817504624ce951738643212b1b1ad25edda4977
1,maths,counting-to-100,,counting-to-100,done,done,no,,,ddb2ead9e9af37f42c4f4dc642f8e32f20cd592f0ad5a26ffcdb0c299940236f,99126e5e7addfaf3c24f6c752086f6681f734fcfcd97a0bd17a72721b9c4fd2e
1,maths,measurement-length,,measurement-length,done,done,no,,,9724c79cb02258a3f766086eb2e07a0bd7b7051c05565853706f5ec048c27450,4aef2953938ff3a87696c6bd1b985e545e71520226ab96ec805fb17601f1c21a
1,maths,measurement-weight,,measurement-weight,done,done,no,,,b86e29c84bcc253a4d3bd301c36eabf286f74cbd35345d8ba17128f61d035601,ed56ad26fcb1865cd0af8d6d3d1e4e3251923eba9f63544b53c957c67ace8b21
1,maths,ordinal-numbers,,ordinal-numbers,done,done,no,,,0d49f924925403b0518469b4aee0094d0e65f56520c89082469eab1afd39c87f,411e21fcaa647a2cf07f8ca6200c9b5f99fb163b4323735682067b2f237a413f
1,maths,shapes-2d-3d,,shapes-2d-3d,done,done,no,,,cbab493d455150bc2e10e4ccdf42e8460f9ba2a899b0f377e3eb71899ebcca88,ecbf272a9a73603901ee1bc76cc36685637d220d8e7e458827833aa4d9eb6f2b
1,science,animals-including-humans,,animals-including-humans,done,done,no,,,c92e00ef5e5bcd44493f9a9645ed7abb2757d12be674e18a31c618527dab6ae7,71e5c73bb9004e9c8b0ef5315b3d3d085ba02eb8591b3bad4204ef1a4409f181
1,science,everyday-materials,,everyday-materials,done,done,no,,,32e714277088b1e39c1958c707f7483c20933bd2bfb49d6ea6cb1a74c5653bd3,0aa2be7997a0b682367e9c11ec4a13d18534eca2007003f167a5fe1c0e6084dd
1,science,plants-year1,,plants-year1,done,done,no,,,1e7fe836446ad5b4b16bd4cf42ae06275db92c6f0f743e34e8bd196550ebd018,41b2c4600521bd35949076ac91a597588694af4dbe99b667f19b637616dc0b35
1,science,seasonal-changes,,seasonal-changes,done,done,no,,,28a188d8e7e49b018a0f3e3cb83a3fc73721543144c6d214d2e48222b147c7b5,2f654775b03f221539132d53471156ee1b2744f554a81d3dd7edda160f81198c
2,computing,debugging-algorithms,,debugging-algorithms,done,done,no,,,fd74bae276df93ba1edecfa7b0687b839c9dd6166753602d99a219bcb6b93242,5d19db94f2197639e9054c87edcd7e62d2ff368b3cdc42d88a3cb46e941f0037
2,computing,online-safety-y2,,online-safety-y2,done,done,no,,,17d560fa8d024fcde1b3dad74a0fb99d5be46c2a2a095b12c8b1dec78c46d711,797e5780eddf063c2862d8ed8d96b4f94fe5a5ab5b648ed548e82df89ce3b8af
2,english,grammar-word-classes,,grammar-word-classes,done,done,no,,,1532806c3c6c16ef031550bfedc045e5411cd5c0d9aa2cd889aa10f2b94178b8,d96d72550ccb69f0029f305ed636f8f378ecb0a96c85887bdadd7142e7924836
2,english,punctuation-y2,,punctuation-y2,done,done,no,,,943b699b1ff0b9dae809baf37b469eae7ec329b6e9e80d3433975edbe2b8af99,bae5ceff8abd9c31b38cceae6b7e126a182bc49ffc3b699b87792247b622bc30
2,english,reading-fiction-y2,,reading-fiction-y2,done,done,no,,,e6993e59e008f6fea1b364b0fb5acac0a91bd4ce60aa1158629d59f6961b5875,38bc628b4e12a447a0ff2e7dc782cf680f2a4f3dbbe4f00aa5af49831303587d
2,english,reading-non-fiction-y2,,reading-non-fiction-y2,done,done,no,,,724d44ec5445d4c353d78c04d18ff4b33aaa81dc4ce2f1eec05fae654143ba6a,62eeaaba61a4a8f6b597c3016fc5841d0c0e71a32485a39910ce2e59d450c541
2,english,recount-writing,,recount-writing,done,done,no,,,e6868bafdf198dd280abd512aa7b467b82458b99bd0df5b91ec3c9f6d6d6f8e1,568684eb7a236a46d41ef5fb59c08bcbf41481058066430d6afdf1d356aed031
2,geography,continents-oceans,,continents-oceans,done,done,no,,,f1e552c9eb4f79e347fd8317f6559a33e4c2e9077f43dd14e4bc2226811fb604,eb531e075fd364f968e69a961d27f8c6ea6f9e970b86e98fffed86ed613f39ae
2,geography,uk-countries-capitals,,uk-countries-capitals,done,done,no,,,8415039820cc8a0995b48af7f8e067cb690bc437e31ba2d17a516f839f16b4d9,f03858f51204edc7195a9339a982f964a8ae4acea9e371c090a9837e6c04f8a0
2,history,florence-nightingale,,florence-nightingale,done,done,no,,,7987c58a697f95f3ec534a1c628002ccd9fc53149050e18357ecdb94a59aee2f,4c68877ed422910c827ca7a991821f5b51eeb76f5401a37880d78095af27de78
2,history,great-fire-of-london,,great-fire-of-london,done,done,no,,,53e4153f767230ba682c5869e2a487651cc66cade7ebd8bd33fa48253467336b,1a002476f947038320d1a8c4c3beae17ee14441ef17eeb5b576fbf15dd5a48b7
2,history,neil-armstrong,,neil-armstrong,done,done,no,,,17ca2b91b1aae15f3f9c77cb9039b8fa734833f9795e11bbf26b56589f21382d,2c513f38dff744012d7cd813781a4fe9148079fdf7bd331ab480b6f32c59b906
2,maths,fractions-half-quarter,,fractions-half-quarter,done,done,no,,,8a3dece1a4a74e399a87be3d4cb6dcdb0821277dfc028749ed3c92504db94105,d3e1bd2a1c8f78fc69354077d2f5f9d6f261220f63eebc6e4f111381f9533092
2,maths,measurement-money,,measurement-money,done,done,no,,,dfde8f278b0399d380c5087c294d3e555c9cf0927d27c2c42d01642d790b504c,f30eaa175764ef34a17174d4e445373f1b17cbd2e3e898577d820505f468baaa
2,maths,place-value-100,,place-value-100,done,done,no,,,d3fde96c95dce1e81857e103165566c905abd539b0a91e79eba54fef1037a545,40ad6688a2c04067c05a54895ec152993a7275dc6eeb783ce50e942b5a558694
2,maths,statistics-block-diagrams,,statistics-block-diagrams,done,done,no,,,a605922dc6902cbc25a3e9c5c12ebdee6369005f1a9b1d9a9b2cffef95156b36,d5bccc954ffe96fcfde4b99817bd56a4ed20dcf37f821b1be3ad094a323f9c34
2,maths,times-tables-2-5-10,,times-tables-2-5-10,done,done,no,,,03a8cdca99afac7680f3fbe543ac63a2cd1a3ea876d93250c5a96702421bd63c,0fa89c08f4f1978f9997cdce04e3f90eb9228b97aa3dc6ad0ddd7ab828077e38
2,science,living-things-habitats,,living-things-habitats,done,done,no,,,b9050659b3ff29d529a28e4e08f5a749b0b354388d602e51fed401ec0e3794dc,3effdbda1055e327a9e72fe8cda0f5e5f8a7fe51e996167edf31564f9f3f6787
2,science,plants-growth,,plants-growth,done,done,no,,,b64116f3f8420cb22281540a5b5f29358fcab59f91a0c4aa402661fdfd253a86,0843c935934b35cb8d3994e4d722a7d2bfc4c5a77c1a875b5f7b2eb37df2ab81
2,science,uses-materials-y2,,uses-materials-y2,done,done,no,,,571041126c56ca9088898f3bbbc1fe40f8e544a7456d23037a4a921ebdc67e57,a59be6ebd9aeb61f29c1871a27eb35b5ad9f9fea8eee29e8bff65ff6eb198c5f
3,computing,data-information-y3,,data-information-y3,done,done,no,,,feb6b4f592ad2eb80c705a6284a826aabd00663a1ed0b24a9ded9fecfd183738,06f915809f6ba64efc9818fa0e1f93f72a11fbcec47752e5e0609705d0bb7345
3,computing,sequences-selection,,sequences-selection,done,done,no,,,055f86bce1b59d068ac98d795575906f15df69db0ceb597bcf5ebb3161625204,6ecbe706a5f78d56ea6c69de985d27e7003b52950037567177d9b7db373b9495
3,english,conjunctions-clauses,,conjunctions-clauses,done,done,no,,,4a405861e639737efeec4f3782afabd2e4363a46a6773033d9acb29062595b63,c0ae0bf774c7507f353ede6dd53e05aa263a430250fc598f92467caf07321933
3,english,narrative-writing-y3,,narrative-writing-y3,done,done,no,,,86835fa6aee16e4eb3af967320034aa5d292868956c986cfc81fcfbd95df744d,01eae4176d7163b97c11d308e5ddfe336dd90b7de4e64150688757b038cf1672
3,english,poetry-imagery-y3,,poetry-imagery-y3,done,done,no,,,fe368ef945b3cd8e106f8282fb57470c5b49113ca1bd60c8ed273c94f91e0e9d,73714454db94a424dbf7bbf156341c322be78454c3d7d5cd3563d5c275a96173
3,english,report-writing-y3,,report-writing-y3,done,done,no,,,2fb6b9373cf167afaf0af533de5f8c4d119e0bb546c948f3ee0142218e2f9ede,cee4204dd18d2bacc72602a50a4cfe35f783c49527c573bdd81e11232ae34895
3,geography,mountains-y3,,mountains-y3,done,done,no,,,5514a7c8deff3126464dbb2e50c830c6ccc2d7668edaf638bba73f29a21a45f0,8fbc765be91536bf1f30308038db32e2a479757585e801befd2085bf644550ca
3,geography,volcanoes-earthquakes,,volcanoes-earthquakes,done,done,no,,,7e19985891f6440ab91c0f2b5c4a8e3c737f1c3d4985875ebe482e1f9ebf0004,0be938a36c2658428923f71f84b811f47ce6904b12b97ee70668b80c07435c5d
3,history,ancient-egypt,,ancient-egypt,done,done,no,,,4ea786663b9bd899028dde83c31c6dcbea7ec6e5d0a73b8613afcbcfa9f9a579,c7ff197dcd39e7d7b3ce3741c7316cc14dadd45a59ef32abe926d262cfcf4fb3
3,history,stone-age-iron-age,,stone-age-iron-age,done,done,no,,,b2d3c3f9e9b04b85a83555a5d110ab5bbc0d701235dd30fbad59fa52c3145cba,cea49da2784768d8ab3a8da0ede45183903d6edf76adfff5cff652f163a4b9ea
3,maths,fractions-y3,,fractions-y3,done,done,no,,,10bb73d6bfe428aad36f53eedccecfa25b528031869dcea791307cbcfe262418,5acb837f0533d72397417cf59d0a874a10970f0843a767be854224a48888aadc
3,maths,multiplication-division-y3,,multiplication-division-y3,done,done,no,,,5bb46c159413bd94d107d40551e519688a41495d7be1c9e2b30d7dc2ac4e6daa,0c7c0adb061213ad855d6e719de1c5c7da34e9ea5e331ec085794428547e5635
3,maths,perimeter-y3,,perimeter-y3,done,done,no,,,6809b4e7c51ee168a377567e0576489d5381eccad63baa38acb5b4b73181f208,e3e06fb81ca3c5614233f15bc524dc4a0d34f0c798f290772121ad2595c3251e
3,maths,place-value-1000,,place-value-1000,done,done,no,,,420e0d22d11f6f63fb31c9c1117c2887ff23b21405d509dbca8b273277f92a1e,f91e1fe447eed6c0631fa5c98f13ad989d5b50f2e19fee815df8884a6ae5de3d
3,maths,statistics-bar-charts,,statistics-bar-charts,done,done,no,,,98c50021fb55d1ed6c4fe87b529010e348b7db280638b99a3c470924618364eb,2b9aaa5282cb6eff5ee6730bad14733c28a0002518c6ea8edcaefe67c8acea60
3,science,forces-magnets,identify,forces-magnets,done,done,yes,2026-04-23,,1fd9b99968274bb02be68da16e5df51ec1de08aa15b3159735ecc0e0070d83c7,810df6c1b0efba2be06fc50669e94c9cfdcfa8992e6d04d7b58193f89cdba9c7
3,science,rocks-fossils,sequence,fossil-formation,done,done,no,,,41736968070fbde2907e05b5b9858bac1fba564d3091fd0bc6c2329d3e39d6a8,17d69295623f200682467944b749a9a17d261bf753cb3dff32d8577f82fcd4bd
3,science,forces-magnets,apply,friction-surfaces,todo,todo,no,,,,
3,science,light-shadows,apply,light-safety,todo,todo,no,,,,
3,science,light-shadows,identify,light-shadows,done,done,yes,2026-04-23,,fe6034e1a6c2ecbfb330509ec6f7d263ab19c0f47e5c74bbcc385f467d605a43,b8fbc4ff014159c7ce99b0e6daec1bffa7387e67f630e8916872f993c8e3af6d
3,science,forces-magnets,sequence,magnet-distance-experiment,todo,todo,no,,,,
3,science,light-shadows,sort,opaque-transparent-sort,todo,todo,no,,,,
3,science,plants,sort,plant-growth-needs,todo,todo,no,,,,
3,science,plants,sequence,plant-lifecycle,todo,todo,no,,,,
3,science,plants,identify,plants-functions-y3,done,done,yes,2026-04-23,,2c5e0a81f35e734cb45dd53608f35bf813bba3652e1276c3ceebf4c5d52c2230,171911f69e39ab851902fd853d1277176b074ac71b5e2066e94686779bc8ed9d
3,science,forces-magnets,sort,push-pull-sort,todo,todo,no,,,,
3,science,rocks-fossils,sort,rock-properties-sort,done,done,no,,,4c4bc46bb26949a498a3d4a5ecbe1d2156ec55fdf4f7a962a4ae8e58ce8754de,8ebbb773f7f532063b959b3b604e719af61857da21d826dc09fd170942d24e85
3,science,rocks-fossils,identify,rocks-fossils,done,done,yes,2026-04-23,,d53d280ec3d1b988368c9abb078310a7d81c990db8c2336e2dee76bf0683f45d,d97e1ac9905f4648f54527adec2d4dceb8fbd6686c148372f15c178f3177508f
3,science,light-shadows,sequence,shadow-change,todo,todo,no,,,,
3,science,rocks-fossils,compose,soil-composition,done,done,no,,,1e15b38ac52aee2765f5438606f0abbb4e3455625075c55ee558d6bb71a35a7b,ad73e23d2fe53e28664b299b67469f615f507ba1b3c21c3d5df95078ee111b4d
3,science,plants,apply,water-transport,todo,todo,no,,,,
4,computing,creating-media-animation,,creating-media-animation,done,done,no,,,4cc79a6f0c1be94e9fd1f9d22dd6a8d21beed528116f64f4325e65d3409d23fa,eb0c363c5098b5ac69c128b3c6c7be651f642569e4339211cc13912a8d1c27df
4,computing,repetition-programming,,repetition-programming,done,done,no,,,de5d21e4f19c952dcadba58a405c6b6940cad4af4e29ddef3bfe6fb02a6abfc7,ff8288e57e54c12282aa6cc3c91358bc858e19b3d78215447e6b7dbf3b9acb9e
4,english,fronted-adverbials,,fronted-adverbials,done,done,no,,,a868f210068d274836031d8b89d50b66b9b6e43e3017ef98c89f34150a429425,140b8cad43757ed321c3862ed47ab9067b770058a8506fca51cceb451a8a155a
4,english,persuasive-writing-y4,,persuasive-writing-y4,done,done,no,,,384bba020ca9dabd709f5039a37d2e619d8643e842c4f0dbe136577e2af48452,c21f4d013949cc029deedcf359024bcf98b16d41dd69674fbb84775bd8e081a8
4,english,playscripts-y4,,playscripts-y4,done,done,no,,,440dff6b189540ef26d6fe5e38fa94843cbd013cab95d369df84ff0fe6167530,7a6cd613bce97a2be378f5a975737c155956f702b69432f2b2f397bcf5c054a3
4,english,reading-inference-y4,,reading-inference-y4,done,done,no,,,d77472214d5fe436d161b54bfe109c8c14f92202afa0fca832daba45b8363402,131a3f0a07cf4bc93645c72483c9feb0cd794ef06253da42534b81bcc39a4451
4,geography,rivers-y4,,rivers-y4,done,done,no,,,f3be295d3106e0cf7038105942a7c58e3a2f2d0671180890861848cb6d906f81,e1e0b996fa3b29a5f899d7daf6128841683b71133981a0454a5564b0224bf4d7
4,geography,uk-regions,,uk-regions,done,done,no,,,da2d850a5ebce7154a1f7ddf7d942cba6442784babbe13573a3a8db6e52846ba,14bce3e5da363e5b8d3719e48c22a7c215ea700eea494c7f7e323b182fb9837c
4,history,ancient-greece,,ancient-greece,done,done,no,,,8cade8822800e47d5203a0f2a00103bf7ec86335be5b14e9b4d7889d40d95db2,4a308e20c59c931342c040c9fdc6af8f9e29a77f246d73162fa9b516b1407a78
4,history,roman-britain,,roman-britain,done,done,no,,,65bce179ac9eb991bc14beae3a038a40a8546b4f390ee49ad5c3e2ddbfb02e78,f0a2f81a9d33922bab382674ebd7818a0a43ce48dfc458f491567ec59a833739
4,maths,area-y4,,area-y4,done,done,no,,,4eb9c845ec02de5311adc83aa41685ce4a3cb7baedc93ffd2bf44a2de41fd070,7f4aff1cebe65379835c59e497bcd88331b42bd1453eb360485b627baa192e92
4,maths,decimals-y4,,decimals-y4,done,done,no,,,05f2a6d8ede78d118dc97c7d29ba13cdf0b68cb85ef64001c8ece6a36bc8500d,dfd0147c6bf00860d20ef69269ff2a511f7a1404c1be853408441f4201205d8b
4,maths,place-value-10000,,place-value-10000,done,done,no,,,ce1e8f6d9e2bbbb2d564a927d195c9fd10e81f442063a5930725eea02ff1f691,63d643ae9cf097e8c4e73cebd3fffae0c2f2b684e7eb4b4244c895944f87e83e
4,maths,roman-numerals,,roman-numerals,done,done,no,,,fac33a5a8333e339868e62121f4e3a2ca2305224bae257c5714db97299feec2b,0a90f7f5576f94e9ced28a5f7489137b2ac27b929f9e750736f3489d536ccb97
4,maths,times-tables-all,,times-tables-all,done,done,no,,,3c581474461fdc07e974cfcee9f6c5f94e4f1e8ca98cbbfcb8472f8da8a4f39a,356bba0472749a9422eae75c729b17838bc070f17939cb6e0a67b9009e0bc983
4,science,electricity-y4,,electricity-y4,done,done,no,,,5c64f504ea2a14c3509b2c9c846bbfe2de16f2c48b22153838b8eea43909a678,8e1f3bfee60a775c60e14625c99e304248fb51800db60f32f684c50e2f08895e
4,science,living-things-classification-y4,,living-things-classification-y4,done,done,no,,,f940dd53df1d28ab34454202fc2dd602f2e23c168cbd1dd2405a7d2a6b3e5b44,0991e394e02cdc210de5181d2a190e701ae0e2ac885c568c1e3e72a8034d06bc
4,science,sound-y4,,sound-y4,done,done,no,,,04c6c6b68e37bd016f04ffae67239398bedc0fd925ccc6c73a34ea6244b984c0,eed1fa1e42d2aad23449f406a289f9b33e9d21da2dfd5c02c0f3c88b0ce73717
4,science,states-of-matter,,states-of-matter,done,done,no,,,8560a4366e381aa85f931f9bf1c4f3cc03db5490590b84276ef09b60f40de041,70404cc787ff8b7eb649288d6c45596a506aaaa34b6926e90bc2d6b0f8153135
5,computing,variables-programming,,variables-programming,done,done,no,,,1005371f48f4f8c07e55872bdfbb2b62ab7f42e2faf5a7e2929e3d9a03d8744d,f1e6c7dee0008552e9cea7dd402b9a8e3d9e9dc18f74d08b4b633d884f4d557d
5,computing,web-design-y5,,web-design-y5,done,done,no,,,9fc7ecc04e3a32e5b7a79371df29b53a4380e50e3a515ce532f0f6727e01bd1e,3c5aa9db823a33ceaab56acc94228f48b4280260f365e24b5542fb9a43494fdf
5,english,argument-writing-y5,,argument-writing-y5,done,done,no,,,a3f3dbb31a54cdf72c001edefedef4e4f4aa5e31b62e7d1a3cc22a3e779d5aed,8b278b9c49d77a5052c2967849a2cf16e9284a27c60c853773eab55b66e63e92
5,english,biographies-y5,,biographies-y5,done,done,no,,,ece75ea1103958c51a19614e0c1e47053b55abb1f8ad5231db427abbcaa4533c,1783d8208440ab23b7654a546c7a6398ff643f78cdd736bb49c6dfaeb3e8ec51
5,english,classic-literature-y5,,classic-literature-y5,done,done,no,,,1003e708a8338f662c0ac6a5343ed467b9fa195d70d904caceef8f8d5b9dc5ef,18019811b334af9889e612f169a9458553df82530de0ebe19526fbb9c9507b50
5,english,relative-clauses,,relative-clauses,done,done,no,,,1da61b0db64142c02f7d4cb3041642f4056b30265075ba75e483ba32fdfd1ef7,fd779cfd97c172175c55fadf45464f408185572ab8f13ab610a15ea7266c3a65
5,geography,biomes-climate-zones,,biomes-climate-zones,done,done,no,,,d4e90f476777e1874a9f9b120a0fbcf0dbb1b3b0f9447a59a71284c99a6f6bf2,c18bbe8866a3580c8a67a6c96e4ecf7941360622007e331f55f1698027f87518
5,geography,trade-globalisation,,trade-globalisation,done,done,no,,,a828c68aba2babb836ff42c512ceb34edeaf76347334fc9ea7193fe3c1937f58,486eb88d0cc67d666da6c80b7d6b4afff9ed234f185650dbb9773aaf0d5a1753
5,history,ancient-maya,,ancient-maya,done,done,no,,,5bbd9bb3e321b1558bfdecdf2166b2bf0a6973db4b32d6ccec05a4e3027b2e42,c43b143feaf3d33a22d070f5ed34be6c6cdf9ef74d085a9ed6e3fae912da3eed
5,history,victorian-britain,,victorian-britain,done,done,no,,,3c93c7d80c4e9b0dea922cbb7dba794f5deace754bbc4393bc21983a40a18bd7,ae74570771d4ad8a8573f29cf50302969864c166c32413f187323149b8bc0034
5,maths,fractions-decimals-percentages,,fractions-decimals-percentages,done,done,no,,,fd19977154bcdf4f75936977acdf17e48ea80afed4ff78bf97930a7eca641b1c,9b6197614b910d00922a586383f65ba08dacee50bfbd87e9027351c9147370c2
5,maths,geometry-properties,,geometry-properties,done,done,no,,,90f7a23a947e168655928f3938c16dbde7e8dc3eef9c5ceb03285d611cf04324,2c07eef0953d410da61f0df14d339fe92f9ef8e916640e00b3728f04a43ec2c8
5,maths,long-multiplication,,long-multiplication,done,done,no,,,9d5fa9a4f12b20aedb8b2d45620abb27a8ea9e6ea3282ff0b6f6693a752d983f,06832d01bd5d85edfab6d5bbfc79fe5562cf04920d8f493c479941473e78204e
5,maths,negative-numbers,,negative-numbers,done,done,no,,,b25dea1f8e28fd3c78a3ef29b4781a5b0c80a215eebf654c78eb31a2db1716f4,148f6c3462b59d03638cd41c35028d45127e73e7697f44b04add7b592de13eaf
5,maths,statistics-line-graphs,,statistics-line-graphs,done,done,no,,,608344cc84228595203d5caa767e23233a21f0bbda2198f0427c6f46145f88f3,c1fd4c61bcc2e9ac2ef2a9ea5e5ba466b2af855401cdafe800b2cb04d6b43787
5,science,earth-space-y5,,earth-space-y5,done,done,no,,,07a47e2bbc03c37db54bac3c403cda50a9eb629767eb32bb1934d7dce3b08784,8ba7eb4681b9653ced3a4152bd663f97adb920771419aa215cd03bad48dc79d4
5,science,forces-y5,,forces-y5,done,done,no,,,8858a5ab3f60d26fbbb608fb4c9390469263d8be12d4865099d3b474f872e001,61d479eb9203535c7c8075a27dd73db0e055c99a351b5d75246a92fcb8e7a260
5,science,life-cycles-y5,,life-cycles-y5,done,done,no,,,467f752f1a3f01148c1374b5beeaf65cc43836b0b29ebc16241b3a89c2059cfc,f695d92de2c86de9b21038386db0d268680016944727bd201c28f7fdb3d7cedc
5,science,properties-materials-y5,,properties-materials-y5,done,done,no,,,80c79581bc50fff6caa4b6ed1baf46466ab44a9943ac2d8ef166c85343919611,609d0a74cfef2b17013fc0acef41ef36f38e3ef64d1f195d4b85c4e035639b4d
6,computing,binary-data,,binary-data,done,done,no,,,a92be54beef25ffed799fcf221c59fc3d91b8a41962120baff8992b962f9eb11,12f2babbc2d79380fd233ddc94473bb28a043b6a675cee0330bbcb856acc7704
6,computing,networks-cybersafety,,networks-cybersafety,done,done,no,,,3cab7cd7b2667c24e526bb4e50bf9ca016d6568ee13fda6f257f67dfeb509edf,1c9cd80fdab9668bc1b7e67f437ec0d50c64f16bdb895d40596f2a61791870a6
6,english,formal-informal-writing,,formal-informal-writing,done,done,no,,,df9924fdce052a605d99916ed8b1c9d9979375449db4a594e6283ac16eb24f9e,5e6e158ecd477d28ea0a57c311dd1e8847c7908ed61799c1b2c663d174be3600
6,english,narrative-writing-y6,,narrative-writing-y6,done,done,no,,,f05e517b9e50e86cfa6e8b5fd4bc47d8e687b8a10185b42537712e2375838081,74bb25c542bf36f9f22493ee8105511c56936df906e5786bcb80cd1352cb31c1
6,english,sats-reading-prep,,sats-reading-prep,done,done,no,,,feeb36e9aab6612a0ec11995c55231e1d96cd206a740cbdd78c0422abb22e1be,d3a5e4fa9b5a91ae9f370971adbb5a1487968ee277008dd1e78d190867ff2cbb
6,english,speeches-debate,,speeches-debate,done,done,no,,,548af3e5ffb7c82b7a79e978c77e4519ac76eaaf98b9a4727f2ae0e0146ed140,bbf024dc5377210b6a43ed81b8cfa378a1f8a1763ba2c8a9b1efda1b5d66a1fe
6,geography,globalisation-y6,,globalisation-y6,done,done,no,,,6f9a8ac545deb9c8b69a188ad0ba9ec03b8d2e71dc7e1df5783656de2b3c7ef9,ffe4cf53dc8dfb4355bcff21b4998cda37fa207d361b290c8f4fdac5339ce72c
6,geography,sustainability-y6,,sustainability-y6,done,done,no,,,43e17a96d00505efe66b8a96fa27c4b57d6fc68523620cbce2bf72589eb082c1,3d50bd845993d1a26784c4a8d083804960c08859fbddd95fcdceca9f3796ca87
6,history,british-empire,,british-empire,done,done,no,,,495ca885f6e35fce87cdc795bdff399ae2f6d4433ae07b1b31e396ecb15a63ca,74deab15aa321f7f63553cc36966fe9e9f839f73ae55b99585bd833f40c839c3
6,history,world-war-ii,,world-war-ii,done,done,no,,,87e4596546ffb409d3fc9a1baa95491cb8a2aa099d0a347fe60a7645d2fd39db,02e2036699b8f4ddfcc76adbe304b941170ab75bfb9456360713b77c4a034084
6,maths,algebra-y6,,algebra-y6,done,done,no,,,cf12b75975332ea54884bd471483fa32434e2d67b935a99e303ddda8e817ca4d,04f9737624d59b3e28b3acc1110ff47bc2c0b33896113ca7b9ef42348d09d793
6,maths,fractions-division-y6,,fractions-division-y6,done,done,no,,,9f15c6c12fca0adff5b348cdb8d41df3304f44c5ddbea9bba12f006228008ae7,a08c77962ce1bf535cc60e9651d4dbb5a20f2211ed1556a9f8b5f6f72c920107
6,maths,geometry-coordinates,,geometry-coordinates,done,done,no,,,ba250ffa3a059f90cdd677e6d88df687723672bc1f09d2dbf218303456b87712,2fbcfd760af883bbfda80663126daf1c671c335e3d2ac658e8c2d91113a42a4c
6,maths,ratio-proportion,,ratio-proportion,done,done,no,,,5907da93e78a204d833a58b71813b730e1a39c66089e273cc1fcad1375a379b6,462b1e50c322615ea76d16925f9ce9e4811ce8d5b652c4fda1532343df225527
6,maths,sats-problem-solving,,sats-problem-solving,done,done,no,,,f2a35dd3fa71090a36184c9c53040be0d6476a35c8821d2c662f9566c9b64f51,31266087629d174362caaa8016483bced081b87bbb29d0be01836a057beed101
6,science,electricity-circuits-y6,,electricity-circuits-y6,done,done,no,,,17e233568b1ce584b58f0a58ff4b3ac0a261b02e2547d6fa407d4d6e88e90a01,3a99a4909e388b0ae3d0e45c6cf566daa0d3c9599e23883fb1db28b4f80a45ee
6,science,evolution-inheritance,,evolution-inheritance,done,done,no,,,ed3ec44a3d3fcee08211203f1bc09a3ede4e6ebb1e86bf6cd2e8f84f7fe6f685,ba13a1379f4331937761043a9e813853d770366f927ebc5d436d9cbefb7d31fb
6,science,light-y6,,light-y6,done,done,no,,,bdd93b337bf0c4f7c01e1e83a74cbe9f997fb5980e43073320900ebe090331f5,8da2b162e1fc16a031051dcf4fa10ad02dbf607a0f70ca4fd5955927dbb60596
6,science,living-things-classification-y6,,living-things-classification-y6,done,done,no,,,72a08d91a3e38e5afbc2ce19b25a6d1769e800d1454dc69e0eb4161efe10e6f1,51c6cae12be1335ba752c07aad031137412335ad13472e9acb1296d735a96e27
